Date,Time,Hive Temperature( Â°C ),Hive Humidity( % ),Supplement Quantity( mL ),Weight(Grams)
9/2/2023,7:46 PM,31.2,51,0,8353.03
9/2/2023,7:47 PM,31.3,51,370,8350.84
9/2/2023,7:48 PM,31.4,52,365,8347.51
9/2/2023,7:49 PM,31.4,52,356,8351.14
9/2/2023,7:50 PM,31.4,53,358,8348.68
9/2/2023,7:51 PM,31.4,53,362,8347.3
9/2/2023,7:52 PM,31.4,52,366,8348.91
9/2/2023,7:53 PM,31.4,52,365,8345.07
9/2/2023,7:54 PM,31.4,53,410,8342.71
9/2/2023,7:55 PM,31.4,53,353,8346.98
9/2/2023,7:56 PM,31.4,53,353,8344.24
9/2/2023,7:57 PM,31.4,53,363,8345.06
9/2/2023,7:58 PM,31.4,53,350,8344.5
9/2/2023,7:59 PM,31.4,50,353,8346.7
9/2/2023,8:00 PM,31.4,50,349,8348.13
9/2/2023,8:01 PM,31.4,51,343,8341.91
9/2/2023,8:02 PM,31.4,53,342,8343.77
9/2/2023,8:03 PM,31.4,52,349,8343.05
9/2/2023,8:04 PM,31.4,52,328,8343.99
9/2/2023,8:05 PM,31.4,53,334,8343.49
9/2/2023,8:06 PM,31.4,52,332,8347.06
9/2/2023,8:07 PM,31.4,52,336,8345.43
9/2/2023,8:08 PM,31.4,52,328,8344.5
9/2/2023,8:09 PM,31.4,52,329,8345.1
9/2/2023,8:10 PM,31.4,52,326,8345.39
9/2/2023,8:11 PM,31.4,52,329,8345.18
9/2/2023,8:12 PM,31.4,52,330,8344.53
9/2/2023,8:13 PM,31.4,52,321,8344.05
9/2/2023,8:14 PM,31.4,53,333,8342.36
9/2/2023,8:15 PM,31.4,53,320,8340.72
9/2/2023,8:16 PM,31.4,52,319,8341.84
9/2/2023,8:17 PM,31.4,52,317,8344.01
9/2/2023,8:18 PM,31.3,53,317,8341.28
9/2/2023,8:19 PM,31.3,51,319,8339.51
9/2/2023,8:20 PM,31.3,50,317,8342
9/2/2023,8:21 PM,31.2,50,310,8339.08
9/2/2023,8:22 PM,31.3,50,315,8342.39
9/2/2023,8:23 PM,31.2,49,316,8341.41
9/2/2023,8:24 PM,31.2,51,316,8343.56
9/2/2023,8:25 PM,31.1,50,310,8341.3
9/2/2023,8:26 PM,31.2,50,306,8342.03
9/2/2023,8:27 PM,31.1,50,319,8343.65
9/2/2023,8:28 PM,31.1,50,312,8338.04
9/2/2023,8:29 PM,31.1,51,316,8340.9
9/2/2023,8:30 PM,31.1,52,308,8341.93
9/2/2023,8:31 PM,31.1,53,319,8340.18
9/2/2023,8:32 PM,31.1,53,312,8339.19
9/2/2023,8:33 PM,31.1,53,317,8340.8
9/2/2023,8:34 PM,31.1,53,319,8341.21
9/2/2023,8:35 PM,31.1,53,314,8340.4
9/2/2023,8:36 PM,31.1,53,312,8341.33
9/2/2023,8:37 PM,31.1,53,314,8344.14
9/2/2023,8:38 PM,31,52,309,8340.85
9/2/2023,8:39 PM,31,51,306,8337.54
9/2/2023,8:40 PM,31,52,306,8341.61
9/2/2023,8:41 PM,31,52,307,8340.83
9/2/2023,8:42 PM,31,53,303,8341.26
9/2/2023,8:43 PM,31,52,406,8340.08
9/2/2023,8:44 PM,30.9,51,308,8343.83
9/2/2023,8:45 PM,30.9,52,310,8337.46
9/2/2023,8:46 PM,30.9,53,315,8338.48
9/2/2023,8:47 PM,31,53,313,8339.37
9/2/2023,8:48 PM,30.9,51,321,8339.83
9/2/2023,8:49 PM,30.9,51,317,8337.3
9/2/2023,8:50 PM,30.9,51,308,8341.56
9/2/2023,8:51 PM,30.9,51,312,8342.77
9/2/2023,8:52 PM,30.9,52,317,8339.27
9/2/2023,8:53 PM,30.9,52,386,8342.55
9/2/2023,8:54 PM,30.8,52,317,8342.32
9/2/2023,8:55 PM,30.8,53,327,8340.46
9/2/2023,8:56 PM,30.9,54,312,8339.18
9/2/2023,8:57 PM,30.8,54,318,8342.83
9/2/2023,8:58 PM,30.8,54,317,8340.71
9/2/2023,8:59 PM,30.9,54,312,8337.39
9/2/2023,9:00 PM,30.9,54,307,8337.58
9/2/2023,9:01 PM,30.9,53,312,8347.33
9/2/2023,9:02 PM,30.9,53,312,8340.46
9/2/2023,9:03 PM,30.8,53,328,8344.5
9/2/2023,9:04 PM,30.8,53,315,8343.24
9/2/2023,9:05 PM,30.8,53,307,8343.57
9/2/2023,9:06 PM,30.8,52,313,8344.97
9/2/2023,9:07 PM,30.8,52,313,8345.43
9/2/2023,9:08 PM,30.7,53,313,8358.99
9/2/2023,9:09 PM,30.8,53,318,8339.47
9/2/2023,9:10 PM,30.7,52,315,8336.62
9/2/2023,9:11 PM,30.7,52,333,8343.4
9/2/2023,9:12 PM,30.7,52,318,8355.45
9/2/2023,9:13 PM,30.7,52,317,8341.26
9/2/2023,9:14 PM,30.7,54,317,8350.96
9/2/2023,9:15 PM,30.7,54,316,8341.46
9/2/2023,9:16 PM,30.7,54,317,8340.93
9/2/2023,9:17 PM,30.7,53,319,8337.48
9/2/2023,9:18 PM,30.7,52,319,8340.52
9/2/2023,9:19 PM,30.6,53,310,8340.54
9/2/2023,9:20 PM,30.7,53,309,8341.34
9/2/2023,9:21 PM,30.6,54,306,8356.92
9/2/2023,9:22 PM,30.7,55,308,8354.17
9/2/2023,9:23 PM,30.7,55,309,8358.29
9/2/2023,9:24 PM,30.7,56,307,8353.68
9/2/2023,9:25 PM,30.6,55,309,8350.74
9/2/2023,9:26 PM,30.7,55,320,8358.61
9/2/2023,9:27 PM,30.7,54,324,8357.33
9/2/2023,9:28 PM,30.6,53,306,8354.61
9/2/2023,9:29 PM,30.6,54,303,8349.77
9/2/2023,9:30 PM,30.6,53,306,8349.1
9/2/2023,9:31 PM,30.6,54,300,8347.58
9/2/2023,9:32 PM,30.6,53,303,8340.88
9/2/2023,9:33 PM,30.6,54,304,8347.27
9/2/2023,9:34 PM,30.6,54,331,8345.22
9/2/2023,9:35 PM,30.6,54,308,8351.42
9/2/2023,9:36 PM,30.6,54,296,8341.83
9/2/2023,9:37 PM,30.5,52,297,8339.26
9/2/2023,9:38 PM,30.5,52,304,8341.69
9/2/2023,9:39 PM,30.5,54,293,8341.58
9/2/2023,9:40 PM,30.5,54,302,8327.58
9/2/2023,9:41 PM,30.5,55,294,8341
9/2/2023,9:42 PM,30.5,53,316,8335.78
9/2/2023,9:43 PM,30.5,53,314,8337.36
9/2/2023,9:44 PM,30.5,53,308,8334.85
9/2/2023,9:45 PM,30.4,54,294,8337.2
9/2/2023,9:46 PM,30.5,54,309,8334.23
9/2/2023,9:47 PM,30.5,53,293,8339.08
9/2/2023,9:48 PM,30.4,53,295,8333.67
9/2/2023,9:49 PM,30.4,51,318,8336.41
9/2/2023,9:50 PM,30.4,51,298,8335.85
9/2/2023,9:51 PM,30.3,52,300,8337.09
9/2/2023,9:52 PM,30.4,52,307,8334.1
9/2/2023,9:53 PM,30.3,52,301,8333.36
9/2/2023,9:54 PM,30.3,52,302,8332.4
9/2/2023,9:55 PM,30.4,53,296,8332.45
9/2/2023,9:56 PM,30.4,54,316,8330.78
9/2/2023,9:57 PM,30.4,53,284,8327.08
9/2/2023,9:58 PM,30.3,55,409,8330.05
9/2/2023,9:59 PM,30.3,54,292,8328.76
9/2/2023,10:00 PM,30.3,53,274,8336.54
9/2/2023,10:01 PM,30.3,53,274,8328.89
9/2/2023,10:02 PM,30.3,54,280,8325.68
9/2/2023,10:03 PM,30.3,53,416,8327.01
9/2/2023,10:04 PM,30.3,53,290,8330.58
9/2/2023,10:05 PM,30.3,53,282,8330.7
9/2/2023,10:06 PM,30.2,54,282,8328.18
9/2/2023,10:07 PM,30.3,54,288,8329.56
9/2/2023,10:08 PM,30.3,54,283,8328.07
9/2/2023,10:09 PM,30.3,55,378,8332.68
9/2/2023,10:10 PM,30.3,54,484,8331.22
9/2/2023,10:11 PM,30.1,49,300,8333.18
9/2/2023,10:12 PM,30,48,289,8329.67
9/2/2023,10:13 PM,29.9,49,396,8330.63
9/2/2023,10:14 PM,29.8,49,292,8334.15
9/2/2023,10:15 PM,29.7,49,289,8331.88
9/2/2023,10:16 PM,29.6,50,373,8329.62
9/2/2023,10:17 PM,29.6,50,306,8330.73
9/2/2023,10:18 PM,29.6,51,295,8332.96
9/2/2023,10:19 PM,29.6,51,343,8331.46
9/2/2023,10:20 PM,29.6,51,283,8325.8
9/2/2023,10:21 PM,29.7,53,286,8330.73
9/2/2023,10:22 PM,29.7,52,274,8329.27
9/2/2023,10:23 PM,29.7,53,404,8332.01
9/2/2023,10:24 PM,29.8,53,288,8331.16
9/2/2023,10:25 PM,29.8,53,300,8331.77
9/2/2023,10:26 PM,29.9,53,284,8331.55
9/2/2023,10:27 PM,29.9,54,276,8335.9
9/2/2023,10:28 PM,29.9,53,284,8336.81
9/2/2023,10:29 PM,29.9,53,284,8330.3
9/2/2023,10:30 PM,29.9,53,272,8327.96
9/2/2023,10:31 PM,30,54,288,8331.8
9/2/2023,10:32 PM,29.9,52,272,8328.46
9/2/2023,10:33 PM,29.9,52,288,8327.35
9/2/2023,10:34 PM,29.9,52,285,8332.44
9/2/2023,10:35 PM,30,54,272,8328.71
9/2/2023,10:36 PM,29.9,54,267,8333.88
9/2/2023,10:37 PM,29.9,54,338,8332.29
9/2/2023,10:38 PM,30,54,272,8335.51
9/2/2023,10:39 PM,30,54,273,8328.87
9/2/2023,10:40 PM,29.9,52,277,8336.15
9/2/2023,10:41 PM,30,53,272,8337.63
9/2/2023,10:42 PM,30,55,268,8328.57
9/2/2023,10:43 PM,29.9,56,268,8328.2
9/2/2023,10:44 PM,30,55,266,8330.49
9/2/2023,10:45 PM,30,54,270,8329.3
9/2/2023,10:46 PM,30,55,256,8335.64
9/2/2023,10:47 PM,30,53,267,8333.63
9/2/2023,10:48 PM,29.9,52,256,8334.02
9/2/2023,10:49 PM,29.9,52,261,8337.32
9/2/2023,10:50 PM,29.9,52,261,8332.84
9/2/2023,10:51 PM,29.9,52,261,8333.05
9/2/2023,10:52 PM,29.9,52,259,8336.18
9/2/2023,10:53 PM,29.9,52,261,8329.91
9/2/2023,10:54 PM,29.9,52,262,8328.74
9/2/2023,10:55 PM,29.9,51,253,8328.95
9/2/2023,10:56 PM,29.9,51,259,8328.03
9/2/2023,10:57 PM,29.8,53,261,8323.82
9/2/2023,10:58 PM,29.9,53,267,8330.93
9/2/2023,10:59 PM,29.9,52,261,8327.19
9/2/2023,11:00 PM,29.9,53,266,8325.89
9/2/2023,11:01 PM,29.9,53,254,8330.1
9/2/2023,11:02 PM,29.9,53,255,8323.86
9/2/2023,11:03 PM,29.9,54,265,8329.55
9/2/2023,11:04 PM,29.9,54,265,8327.6
9/2/2023,11:05 PM,29.9,54,259,8328.5
9/2/2023,11:06 PM,29.9,54,274,8328.98
9/2/2023,11:07 PM,29.9,53,264,8330.74
9/2/2023,11:08 PM,29.9,53,264,8331.62
9/2/2023,11:09 PM,29.8,51,261,8331.6
9/2/2023,11:10 PM,29.8,51,267,8331.16
9/2/2023,11:11 PM,29.8,52,257,8331.22
9/2/2023,11:12 PM,29.8,54,254,8324.22
9/2/2023,11:13 PM,29.9,55,253,8324.42
9/2/2023,11:14 PM,29.9,54,255,8322
9/2/2023,11:15 PM,29.9,52,260,8325.72
9/2/2023,11:16 PM,29.8,51,320,8326.19
9/2/2023,11:17 PM,29.8,51,255,8324.51
9/2/2023,11:18 PM,29.8,55,248,8321.05
9/2/2023,11:19 PM,29.8,55,247,8329.71
9/2/2023,11:20 PM,29.8,55,247,8322.05
9/2/2023,11:21 PM,29.8,57,249,8324.27
9/2/2023,11:22 PM,29.8,58,252,8317.91
9/2/2023,11:23 PM,29.9,56,253,8333.46
9/2/2023,11:24 PM,29.8,55,255,8324.87
9/2/2023,11:25 PM,29.8,54,252,8324.56
9/2/2023,11:26 PM,29.8,54,249,8330.29
9/2/2023,11:27 PM,29.8,54,259,8335.59
9/2/2023,11:28 PM,29.8,55,267,8331.65
9/2/2023,11:29 PM,29.9,54,255,8338.97
9/2/2023,11:30 PM,29.8,54,249,8324.62
9/2/2023,11:31 PM,29.8,53,256,8323.76
9/2/2023,11:32 PM,29.8,53,243,8317.72
9/2/2023,11:33 PM,29.8,53,237,8323.37
9/2/2023,11:34 PM,29.8,52,245,8328.79
9/2/2023,11:35 PM,29.8,54,242,8327.41
9/2/2023,11:36 PM,29.8,55,235,8320.97
9/2/2023,11:37 PM,29.8,53,259,8331.27
9/2/2023,11:38 PM,29.8,57,244,8326.98
9/2/2023,11:39 PM,29.9,58,246,8330.67
9/2/2023,11:40 PM,29.9,56,244,8325.96
9/2/2023,11:41 PM,29.8,55,272,8327.75
9/2/2023,11:42 PM,29.9,54,242,8322.25
9/2/2023,11:43 PM,29.9,55,272,8323.25
9/2/2023,11:44 PM,29.9,54,273,8326.44
9/2/2023,11:45 PM,29.9,53,274,8320.03
9/2/2023,11:46 PM,29.9,52,354,8316.18
9/2/2023,11:47 PM,29.8,52,244,8316.75
9/2/2023,11:48 PM,29.8,50,247,8317.68
9/2/2023,11:49 PM,29.8,51,242,8314.12
9/2/2023,11:50 PM,29.8,51,238,8311.97
9/2/2023,11:51 PM,29.8,52,241,8313.93
9/2/2023,11:52 PM,29.8,54,325,8305.77
9/2/2023,11:53 PM,29.9,55,249,8312.04
9/2/2023,11:54 PM,29.8,56,235,8316.16
9/2/2023,11:55 PM,29.8,57,262,8314.94
9/2/2023,11:56 PM,29.8,54,242,8313.81
9/2/2023,11:57 PM,29.8,54,296,8316.9
9/2/2023,11:58 PM,29.8,54,254,8309.58
9/2/2023,11:59 PM,29.8,54,245,8316.44
9/3/2023,12:00 AM,29.7,53,249,8316.54
9/3/2023,12:01 AM,29.8,53,247,8314.87
9/3/2023,12:02 AM,29.8,54,248,8317.93
9/3/2023,12:03 AM,29.8,54,238,8315.75
9/3/2023,12:04 AM,29.8,54,258,8309.26
9/3/2023,12:05 AM,29.8,53,245,8311.3
9/3/2023,12:06 AM,29.7,53,238,8311.63
9/3/2023,12:07 AM,29.7,54,242,8313.32
9/3/2023,12:08 AM,29.7,53,248,8319.47
9/3/2023,12:09 AM,29.7,52,235,8318.31
9/3/2023,12:10 AM,29.7,54,243,8317.43
9/3/2023,12:11 AM,29.7,54,247,8311.6
9/3/2023,12:12 AM,29.6,53,262,8315.32
9/3/2023,12:13 AM,29.7,53,236,8311.84
9/3/2023,12:14 AM,29.7,53,243,8308.22
9/3/2023,12:15 AM,29.6,52,244,8320.18
9/3/2023,12:16 AM,29.6,54,237,8311.39
9/3/2023,12:17 AM,29.6,54,237,8307.83
9/3/2023,12:18 AM,29.6,53,241,8304.9
9/3/2023,12:19 AM,29.7,54,238,8307.33
9/3/2023,12:20 AM,29.7,55,236,8312.87
9/3/2023,12:21 AM,29.7,53,234,8319.03
9/3/2023,12:22 AM,29.7,53,234,8321.98
9/3/2023,12:23 AM,29.7,55,235,8314.04
9/3/2023,12:24 AM,29.6,55,240,8318.18
9/3/2023,12:25 AM,29.6,54,235,8307.75
9/3/2023,12:26 AM,29.6,54,260,8315.24
9/3/2023,12:27 AM,29.6,52,226,8317.1
9/3/2023,12:28 AM,29.6,51,236,8311.63
9/3/2023,12:29 AM,29.6,51,230,8309.29
9/3/2023,12:30 AM,29.6,52,234,8314.22
9/3/2023,12:31 AM,29.5,52,255,8313.35
9/3/2023,12:32 AM,29.5,53,261,8321.04
9/3/2023,12:33 AM,29.6,54,228,8322.06
9/3/2023,12:34 AM,29.6,52,232,8320.34
9/3/2023,12:35 AM,29.5,52,230,8300.85
9/3/2023,12:36 AM,29.5,53,233,8313.42
9/3/2023,12:37 AM,29.5,54,226,8308.9
9/3/2023,12:38 AM,29.5,53,236,8317.3
9/3/2023,12:39 AM,29.5,52,234,8313.09
9/3/2023,12:40 AM,29.5,52,242,8306.49
9/3/2023,12:41 AM,29.5,51,236,8314.18
9/3/2023,12:42 AM,29.5,52,230,8312.73
9/3/2023,12:43 AM,29.5,52,223,8315.51
9/3/2023,12:44 AM,29.5,52,228,8309.13
9/3/2023,12:45 AM,29.4,51,225,8325.25
9/3/2023,12:46 AM,29.4,51,229,8318.57
9/3/2023,12:47 AM,29.4,53,237,8313.23
9/3/2023,12:48 AM,29.4,54,231,8317.2
9/3/2023,12:49 AM,29.4,54,238,8313.51
9/3/2023,12:50 AM,29.4,55,236,8314.35
9/3/2023,12:51 AM,29.4,55,226,8309.6
9/3/2023,12:52 AM,29.5,55,233,8322.85
9/3/2023,12:53 AM,29.5,55,223,8320.66
9/3/2023,12:54 AM,29.5,55,229,8315.56
9/3/2023,12:55 AM,29.4,55,232,8323.22
9/3/2023,12:56 AM,29.4,55,230,8327.14
9/3/2023,12:57 AM,29.5,54,237,8321.58
9/3/2023,12:58 AM,29.4,54,235,8325.15
9/3/2023,12:59 AM,29.4,55,235,8327.55
9/3/2023,1:00 AM,29.5,56,230,8320.7
9/3/2023,1:01 AM,29.5,54,230,8323.7
9/3/2023,1:02 AM,29.4,55,232,8330.09
9/3/2023,1:03 AM,29.4,55,242,8344.92
9/3/2023,1:04 AM,29.4,55,236,8325.06
9/3/2023,1:05 AM,29.4,55,232,8342.79
9/3/2023,1:06 AM,29.4,54,240,8333.33
9/3/2023,1:07 AM,29.4,54,232,8343.56
9/3/2023,1:08 AM,29.4,54,230,8344.72
9/3/2023,1:09 AM,29.4,55,233,8332.63
9/3/2023,1:10 AM,29.4,54,233,8346.16
9/3/2023,1:11 AM,29.5,55,238,8350.29
9/3/2023,1:12 AM,29.4,55,240,8342.71
9/3/2023,1:13 AM,29.4,54,237,8333.77
9/3/2023,1:14 AM,29.4,53,233,8350.54
9/3/2023,1:15 AM,29.5,55,231,8345.7
9/3/2023,1:16 AM,29.5,55,229,8352.58
9/3/2023,1:17 AM,29.5,54,228,8363.47
9/3/2023,1:18 AM,29.4,53,229,8364.48
9/3/2023,1:19 AM,29.5,53,230,8360.17
9/3/2023,1:20 AM,29.4,52,229,8363.33
9/3/2023,1:21 AM,29.4,52,226,8361.28
9/3/2023,1:22 AM,29.5,55,223,8364.91
9/3/2023,1:23 AM,29.5,56,226,8380.66
9/3/2023,1:24 AM,29.5,56,225,8356.69
9/3/2023,1:25 AM,29.5,55,232,8352.35
9/3/2023,1:26 AM,29.5,54,236,8391.44
9/3/2023,1:27 AM,29.5,55,229,8381.77
9/3/2023,1:28 AM,29.4,54,224,8399.91
9/3/2023,1:29 AM,29.4,53,222,8381.1
9/3/2023,1:30 AM,29.4,53,218,8391.33
9/3/2023,1:31 AM,29.4,53,221,8391.07
9/3/2023,1:32 AM,29.4,56,223,8398.69
9/3/2023,1:33 AM,29.4,55,240,8405.78
9/3/2023,1:34 AM,29.4,55,224,8393.42
9/3/2023,1:35 AM,29.5,58,221,8400.52
9/3/2023,1:36 AM,29.5,58,221,8400.45
9/3/2023,1:37 AM,29.5,59,220,8409.86
9/3/2023,1:38 AM,29.5,57,223,8416.92
9/3/2023,1:39 AM,29.5,56,219,8410.99
9/3/2023,1:40 AM,29.5,55,225,8400.49
9/3/2023,1:41 AM,29.5,56,220,8432.15
9/3/2023,1:42 AM,29.5,56,224,8414.27
9/3/2023,1:43 AM,29.4,55,221,8413.6
9/3/2023,1:44 AM,29.4,55,220,8410.43
9/3/2023,1:45 AM,29.4,55,218,8422.93
9/3/2023,1:46 AM,29.4,55,216,8416.95
9/3/2023,1:47 AM,29.4,55,214,8418.96
9/3/2023,1:48 AM,29.4,56,221,8409.91
9/3/2023,1:49 AM,29.4,55,230,8410.68
9/3/2023,1:50 AM,29.4,54,233,8429.92
9/3/2023,1:51 AM,29.4,53,235,8429.75
9/3/2023,1:52 AM,29.4,55,232,8422.05
9/3/2023,1:53 AM,29.4,52,216,8422.29
9/3/2023,1:54 AM,29.4,53,218,8411.74
9/3/2023,1:55 AM,29.4,53,218,8418.15
9/3/2023,1:56 AM,29.4,55,228,8415.48
9/3/2023,1:57 AM,29.4,55,232,8408.75
9/3/2023,1:58 AM,29.4,54,231,8425.62
9/3/2023,1:59 AM,29.4,54,224,8409.13
9/3/2023,2:00 AM,29.3,53,226,8424.14
9/3/2023,2:01 AM,29.4,56,228,8396.71
9/3/2023,2:02 AM,29.4,54,237,8411.02
9/3/2023,2:03 AM,29.4,53,231,8412.32
9/3/2023,2:04 AM,29.3,52,230,8419.53
9/3/2023,2:05 AM,29.3,53,223,8411.59
9/3/2023,2:06 AM,29.3,55,222,8400.95
9/3/2023,2:07 AM,29.3,55,226,8392.21
9/3/2023,2:08 AM,29.3,55,233,8376.4
9/3/2023,2:09 AM,29.3,55,222,8389.86
9/3/2023,2:10 AM,29.3,55,229,8379.51
9/3/2023,2:11 AM,29.4,55,221,8373.83
9/3/2023,2:12 AM,29.4,56,228,8383.52
9/3/2023,2:13 AM,29.4,57,220,8390.97
9/3/2023,2:14 AM,29.4,56,208,8381.73
9/3/2023,2:15 AM,29.4,55,207,8381.2
9/3/2023,2:16 AM,29.4,57,207,8375.73
9/3/2023,2:17 AM,29.4,56,204,8386.58
9/3/2023,2:18 AM,29.4,55,204,8374.16
9/3/2023,2:19 AM,29.4,56,205,8383.81
9/3/2023,2:20 AM,29.3,53,205,8391.58
9/3/2023,2:21 AM,29.4,56,199,8405.28
9/3/2023,2:22 AM,29.4,57,201,8380.14
9/3/2023,2:23 AM,29.4,56,199,8411.9
9/3/2023,2:24 AM,29.4,56,198,8412.68
9/3/2023,2:25 AM,29.4,55,195,8403.33
9/3/2023,2:26 AM,29.4,54,196,8396.71
9/3/2023,2:27 AM,29.4,54,200,8380.09
9/3/2023,2:28 AM,29.4,54,202,8393.12
9/3/2023,2:29 AM,29.3,53,206,8385.46
9/3/2023,2:30 AM,29.3,53,207,8395.11
9/3/2023,2:31 AM,29.3,52,206,8401.13
9/3/2023,2:32 AM,29.2,55,211,8410.95
9/3/2023,2:33 AM,29.3,57,207,8415.67
9/3/2023,2:34 AM,29.3,56,199,8400.59
9/3/2023,2:35 AM,29.3,56,204,8393.88
9/3/2023,2:36 AM,29.3,55,200,8412.38
9/3/2023,2:37 AM,29.3,54,198,8419.18
9/3/2023,2:38 AM,29.3,54,204,8418.14
9/3/2023,2:39 AM,29.3,55,200,8416.22
9/3/2023,2:40 AM,29.3,55,204,8401.81
9/3/2023,2:41 AM,29.3,55,208,8429.24
9/3/2023,2:42 AM,29.3,54,210,8424.35
9/3/2023,2:43 AM,29.3,55,206,8418.47
9/3/2023,2:44 AM,29.3,56,206,8426.52
9/3/2023,2:45 AM,29.3,54,201,8432.25
9/3/2023,2:46 AM,29.3,54,195,8427.07
9/3/2023,2:47 AM,29.3,55,199,8422.46
9/3/2023,2:48 AM,29.3,54,200,8396.64
9/3/2023,2:49 AM,29.3,55,198,8420.06
9/3/2023,2:50 AM,29.3,55,202,8425.54
9/3/2023,2:51 AM,29.4,55,199,8421.46
9/3/2023,2:52 AM,29.3,53,199,8418.14
9/3/2023,2:53 AM,29.3,53,196,8421.53
9/3/2023,2:54 AM,29.4,55,196,8424.96
9/3/2023,2:55 AM,29.3,53,200,8417.16
9/3/2023,2:56 AM,29.3,54,190,8404.47
9/3/2023,2:57 AM,29.3,54,195,8415.15
9/3/2023,2:58 AM,29.3,54,196,8421.47
9/3/2023,2:59 AM,29.3,54,194,8428.63
9/3/2023,3:00 AM,29.3,54,196,8415.75
9/3/2023,3:01 AM,29.3,54,197,8425.76
9/3/2023,3:02 AM,29.3,54,197,8434.76
9/3/2023,3:03 AM,29.2,53,194,8432.68
9/3/2023,3:04 AM,29.2,52,197,8437.23
9/3/2023,3:05 AM,29.1,52,197,8435.55
9/3/2023,3:06 AM,29,52,196,8426.83
9/3/2023,3:07 AM,28.9,52,258,8428.75
9/3/2023,3:08 AM,28.9,52,306,8436.25
9/3/2023,3:09 AM,28.9,54,190,8435.16
9/3/2023,3:10 AM,28.9,55,196,8441.69
9/3/2023,3:11 AM,29,56,193,8450.52
9/3/2023,3:12 AM,29.1,58,195,8447.8
9/3/2023,3:13 AM,29.1,57,195,8447.24
9/3/2023,3:14 AM,29.1,58,194,8451.72
9/3/2023,3:15 AM,29.1,57,198,8444.61
9/3/2023,3:16 AM,29.2,56,193,8445.92
9/3/2023,3:17 AM,29.1,54,193,8450.62
9/3/2023,3:18 AM,29.1,55,197,8456.39
9/3/2023,3:19 AM,29.2,55,196,8450.19
9/3/2023,3:20 AM,29.1,55,197,8447.63
9/3/2023,3:21 AM,29.2,56,199,8450.36
9/3/2023,3:22 AM,29.2,57,197,8453.86
9/3/2023,3:23 AM,29.2,56,199,8458.8
9/3/2023,3:24 AM,29.1,53,195,8454.88
9/3/2023,3:25 AM,29.1,53,187,8450.3
9/3/2023,3:26 AM,29.1,53,193,8459.01
9/3/2023,3:27 AM,29.1,54,190,8453.36
9/3/2023,3:28 AM,29.1,55,193,8448.4
9/3/2023,3:29 AM,29.1,54,189,8453.3
9/3/2023,3:31 AM,29.1,54,200,82.34
9/3/2023,3:32 AM,29.1,55,195,86.42
9/3/2023,3:33 AM,29.1,55,204,87.68
9/3/2023,3:34 AM,29.1,54,192,81.85
9/3/2023,3:35 AM,29.1,55,200,84.96
9/3/2023,3:36 AM,29.1,56,195,82.52
9/3/2023,3:37 AM,29.2,56,188,86.78
9/3/2023,3:38 AM,29.2,57,195,83.46
9/3/2023,3:39 AM,29.2,57,196,101.45
9/3/2023,3:40 AM,29.2,55,185,93.49
9/3/2023,3:41 AM,29.2,55,187,92.22
9/3/2023,3:42 AM,29.1,53,187,91.71
9/3/2023,3:43 AM,29.2,55,188,98.08
9/3/2023,3:44 AM,29.2,56,194,91.61
9/3/2023,3:45 AM,29.2,56,196,91.08
9/3/2023,3:46 AM,29.2,58,189,95.02
9/3/2023,3:47 AM,29.2,55,196,105.38
9/3/2023,3:48 AM,29.3,59,197,103.96
9/3/2023,3:49 AM,29.3,59,195,99.87
9/3/2023,3:50 AM,29.3,55,205,102.95
9/3/2023,3:51 AM,29.3,55,196,100.61
9/3/2023,3:52 AM,29.3,56,194,102.71
9/3/2023,3:53 AM,29.3,55,190,100.27
9/3/2023,3:54 AM,29.2,54,190,97.92
9/3/2023,3:55 AM,29.2,53,192,104.72
9/3/2023,3:56 AM,29.2,54,190,99.95
9/3/2023,3:57 AM,29.3,56,189,103.71
9/3/2023,3:58 AM,29.2,55,189,108.52
9/3/2023,3:59 AM,29.2,53,187,109.04
9/3/2023,4:00 AM,29.1,51,188,112.4
9/3/2023,4:01 AM,29.1,52,187,98.04
9/3/2023,4:02 AM,29,52,187,105.99
9/3/2023,4:03 AM,29,53,187,104.67
9/3/2023,4:04 AM,28.9,54,188,108.63
9/3/2023,4:05 AM,29,52,184,106.49
9/3/2023,4:06 AM,28.9,52,185,99.92
9/3/2023,4:07 AM,28.9,54,185,107.64
9/3/2023,4:08 AM,28.9,54,187,97.95
9/3/2023,4:09 AM,28.8,55,187,95
9/3/2023,4:10 AM,28.7,52,185,90.44
9/3/2023,4:11 AM,28.6,53,186,97.13
9/3/2023,4:12 AM,28.6,53,194,102.33
9/3/2023,4:13 AM,28.6,54,187,98.86
9/3/2023,4:14 AM,28.7,56,196,100.86
9/3/2023,4:15 AM,28.7,55,196,104.45
9/3/2023,4:16 AM,28.7,56,192,100.72
9/3/2023,4:17 AM,28.8,55,187,98.98
9/3/2023,4:18 AM,28.8,55,194,100.1
9/3/2023,4:19 AM,28.8,55,187,98.99
9/3/2023,4:20 AM,28.8,55,185,99.28
9/3/2023,4:21 AM,28.8,54,188,97.56
9/3/2023,4:22 AM,28.8,54,187,95.61
9/3/2023,4:23 AM,28.8,56,183,99.71
9/3/2023,4:24 AM,28.8,57,186,96.9
9/3/2023,4:25 AM,28.8,56,187,96.91
9/3/2023,4:26 AM,28.8,55,188,94.33
9/3/2023,4:27 AM,28.8,55,192,108.83
9/3/2023,4:28 AM,28.9,58,180,102.57
9/3/2023,4:29 AM,28.9,57,182,109.88
9/3/2023,4:30 AM,28.9,55,182,108.22
9/3/2023,4:31 AM,28.9,55,181,106.13
9/3/2023,4:32 AM,28.8,54,185,100.01
9/3/2023,4:33 AM,28.8,55,186,103.8
9/3/2023,4:34 AM,28.9,55,188,103.06
9/3/2023,4:35 AM,28.9,56,184,99.35
9/3/2023,4:36 AM,28.9,57,185,103
9/3/2023,4:37 AM,28.9,57,185,101.15
9/3/2023,4:38 AM,28.9,57,182,99.08
9/3/2023,4:39 AM,28.9,57,182,104.34
9/3/2023,4:40 AM,29,57,183,100.43
9/3/2023,4:41 AM,29,57,181,103.24
9/3/2023,4:42 AM,29,54,181,103.25
9/3/2023,4:43 AM,28.9,54,180,101.72
9/3/2023,4:44 AM,28.9,54,182,111.52
9/3/2023,4:45 AM,28.9,55,181,100.6
9/3/2023,4:46 AM,28.9,55,183,105.85
9/3/2023,4:47 AM,28.9,55,186,103.33
9/3/2023,4:48 AM,28.9,55,182,104.31
9/3/2023,4:49 AM,28.9,54,187,104.26
9/3/2023,4:50 AM,28.9,55,189,108.77
9/3/2023,4:51 AM,28.9,53,189,106.46
9/3/2023,4:52 AM,28.9,54,189,105.7
9/3/2023,5:00 AM,28.7,54,265,-1.79
9/3/2023,5:01 AM,28.7,55,259,-9.59
9/3/2023,5:02 AM,28.7,53,249,-5.18
9/3/2023,5:03 AM,28.7,55,237,-4.32
9/3/2023,5:04 AM,28.7,55,217,-4.61
9/3/2023,5:05 AM,28.7,54,208,1.62
9/3/2023,5:06 AM,28.8,55,192,-9.84
9/3/2023,5:07 AM,28.8,55,185,-15.27
9/3/2023,5:08 AM,28.8,57,186,-1.61
9/3/2023,5:09 AM,28.8,56,183,-2.03
9/3/2023,5:10 AM,28.8,55,186,0.75
9/3/2023,5:19 AM,28.8,54,243,-10.19
9/3/2023,5:20 AM,28.8,53,250,-4.47
9/3/2023,5:21 AM,28.8,52,242,-12.72
9/3/2023,5:22 AM,28.8,52,223,-17.76
9/3/2023,5:23 AM,28.7,53,199,-12.22
9/3/2023,5:24 AM,28.7,54,183,-18.21
9/3/2023,5:25 AM,28.7,54,186,-17.04
9/3/2023,5:26 AM,28.7,52,188,-22.45
9/3/2023,5:27 AM,28.6,52,188,-13.7
9/3/2023,5:28 AM,28.6,52,184,-25.08
9/3/2023,5:29 AM,28.6,53,186,-27.16
9/3/2023,5:30 AM,28.6,52,182,-17.53
9/3/2023,5:31 AM,28.6,53,177,-18.42
9/3/2023,5:32 AM,28.7,54,182,-19.83
9/3/2023,5:33 AM,28.6,54,182,-20.47
9/3/2023,5:34 AM,28.7,53,180,-22.66
9/3/2023,5:35 AM,28.7,54,178,-20.92
9/3/2023,5:45 AM,28.8,56,222,-9.18
9/3/2023,5:46 AM,28.8,56,237,-19.76
9/3/2023,5:47 AM,28.9,57,236,-21.86
9/3/2023,5:48 AM,28.9,55,224,-13.26
9/3/2023,5:49 AM,28.9,55,204,-12.81
9/3/2023,5:50 AM,28.9,55,196,-15.55
9/3/2023,5:51 AM,28.9,54,190,-19.66
9/3/2023,5:52 AM,28.9,54,180,-20.62
9/3/2023,5:53 AM,28.9,52,172,-13.94
9/3/2023,5:54 AM,28.8,52,172,-16.18
9/3/2023,5:55 AM,28.8,54,176,-17.17
9/3/2023,5:56 AM,28.8,54,175,-16.43
9/3/2023,5:57 AM,28.8,54,170,-15.46
9/3/2023,5:58 AM,28.8,55,176,-8.33
9/3/2023,5:59 AM,28.8,53,169,-17.84
9/3/2023,6:00 AM,28.8,53,171,-19.18
9/3/2023,6:01 AM,28.8,53,171,-9.63
9/3/2023,6:02 AM,28.7,54,170,-15.79
9/3/2023,6:03 AM,28.7,54,174,-6.62
9/3/2023,6:04 AM,28.8,54,172,-14.35
9/3/2023,6:05 AM,28.8,54,170,-10
9/3/2023,6:06 AM,28.8,54,170,-14.09
9/3/2023,6:07 AM,28.8,54,168,-15.22
9/3/2023,6:08 AM,28.8,54,175,-10.84
9/3/2023,6:09 AM,28.8,54,176,-12.22
9/3/2023,6:10 AM,28.8,55,173,-0.58
9/3/2023,6:11 AM,28.8,57,177,-9.35
9/3/2023,6:12 AM,28.9,56,172,-5.2
9/3/2023,6:13 AM,28.8,56,172,-4.84
9/3/2023,6:14 AM,28.8,55,173,-5.03
9/3/2023,6:15 AM,28.8,55,176,-11.11
9/3/2023,6:16 AM,28.8,55,185,-5.28
9/3/2023,6:17 AM,28.8,54,180,-3.87
9/3/2023,6:18 AM,28.8,55,182,0.94
9/3/2023,6:19 AM,28.8,55,181,-0.33
9/3/2023,6:20 AM,28.8,55,176,-5.7
9/3/2023,6:21 AM,28.8,54,176,4.68
9/3/2023,6:22 AM,28.8,54,174,5.35
9/3/2023,6:23 AM,28.8,55,172,8.18
9/3/2023,6:24 AM,28.8,56,174,-1.17
9/3/2023,6:25 AM,28.8,55,174,0.12
9/3/2023,6:26 AM,28.8,56,172,1.09
9/3/2023,6:35 AM,28.8,56,228,14.76
9/3/2023,6:36 AM,28.8,56,230,20.61
9/3/2023,6:37 AM,28.8,55,234,14.72
9/3/2023,6:38 AM,28.8,55,229,6.02
9/3/2023,6:39 AM,28.9,60,228,3.74
9/3/2023,6:40 AM,28.8,59,219,11.34
9/3/2023,6:41 AM,28.8,52,213,0.36
9/3/2023,6:42 AM,28.7,52,175,4.29
9/3/2023,6:43 AM,28.6,53,171,4.57
9/3/2023,6:44 AM,28.6,53,162,2.8
9/3/2023,6:45 AM,28.6,53,160,-2.15
9/3/2023,6:46 AM,28.6,54,160,10.27
9/3/2023,6:47 AM,28.6,54,162,-0.73
9/3/2023,6:48 AM,28.6,56,162,3.3
9/3/2023,6:49 AM,28.6,58,162,0.86
9/3/2023,6:50 AM,28.7,58,166,4.64
9/3/2023,6:51 AM,28.6,55,163,4.79
9/3/2023,6:52 AM,28.6,54,164,5.04
9/3/2023,6:53 AM,28.5,53,163,5.93
9/3/2023,6:54 AM,28.5,54,168,9.35
9/3/2023,6:55 AM,28.5,54,168,4.16
9/3/2023,6:56 AM,28.5,54,164,5.46
9/3/2023,6:57 AM,28.6,55,162,12.2
9/3/2023,6:58 AM,28.6,56,174,19.03
9/3/2023,6:59 AM,28.6,55,180,21.34
9/3/2023,7:00 AM,28.6,54,176,21.28
9/3/2023,7:01 AM,28.6,55,177,26.86
9/3/2023,7:02 AM,28.6,56,173,21.23
9/3/2023,7:03 AM,28.7,58,168,30.09
9/3/2023,7:04 AM,28.7,56,168,26.57
9/3/2023,7:05 AM,28.7,55,165,31.82
9/3/2023,7:06 AM,28.7,55,170,28.32
9/3/2023,7:07 AM,28.7,55,165,29.24
9/3/2023,7:08 AM,28.7,55,169,10.83
9/3/2023,7:09 AM,28.7,55,169,2.97
9/3/2023,7:10 AM,28.7,54,170,-0.02
9/3/2023,7:11 AM,28.7,55,169,9.15
9/3/2023,7:12 AM,28.7,54,165,-15.16
9/3/2023,7:13 AM,28.7,54,169,-19.59
9/3/2023,7:14 AM,28.7,54,170,-31.76
9/3/2023,7:15 AM,28.7,53,166,-61.29
9/3/2023,7:16 AM,28.7,54,168,-69.37
9/3/2023,7:17 AM,28.7,54,166,-69.28
9/3/2023,7:18 AM,28.7,55,164,-79.02
9/3/2023,7:19 AM,28.7,55,163,-92.49
9/3/2023,7:20 AM,28.8,54,169,-107.71
9/3/2023,7:21 AM,28.7,54,165,-108.87
9/3/2023,7:22 AM,28.8,54,168,-109.43
9/3/2023,7:23 AM,28.7,54,178,-109.67
9/3/2023,7:24 AM,28.7,53,169,-117.18
9/3/2023,7:25 AM,28.7,54,166,-102.84
9/3/2023,7:26 AM,28.7,53,162,-95.4
9/3/2023,7:27 AM,28.8,54,166,-92.11
9/3/2023,7:28 AM,28.8,55,174,-81.8
9/3/2023,7:29 AM,28.8,55,171,-89.39
10/11/2023,7:35 AM,28.7,56,508,1.84
10/11/2023,7:36 AM,28.8,55,529,4.41
10/11/2023,7:37 AM,28.7,59,523,4.21
10/11/2023,7:38 AM,28.6,62,511,4085.92
10/11/2023,7:39 AM,28.7,63,507,4746.69
10/11/2023,7:40 AM,28.7,61,507,4730.17
10/11/2023,7:41 AM,28.7,63,509,4712.05
10/11/2023,7:42 AM,28.9,62,490,4691.2
10/11/2023,7:43 AM,28.9,64,505,4298.02
10/11/2023,7:44 AM,28.6,65,513,6103.04
10/11/2023,7:45 AM,28.7,65,516,6113.2
10/11/2023,7:46 AM,27.2,66,502,6134.88
10/11/2023,7:47 AM,27.3,65,513,6119.05
10/11/2023,7:48 AM,27.5,63,494,6167.13
10/11/2023,7:49 AM,27.8,63,517,6178.68
10/11/2023,7:50 AM,28.1,62,525,6233.65
10/11/2023,7:51 AM,28.1,63,518,6137.25
10/11/2023,7:52 AM,28.3,62,516,6312.4
10/11/2023,7:53 AM,28.4,65,516,6347.47
10/11/2023,7:54 AM,28.6,64,514,6347.79
10/11/2023,7:55 AM,28.7,64,516,6353.18
10/11/2023,7:56 AM,28.7,63,516,6339.87
10/11/2023,7:57 AM,28.8,63,518,6325.13
10/11/2023,7:58 AM,28.9,63,513,6352.95
10/11/2023,7:59 AM,28.9,63,519,6369.47
10/11/2023,8:00 AM,28.9,62,516,6433.21
10/11/2023,8:01 AM,29,61,528,6387.46
10/11/2023,8:02 AM,29,60,507,6418.93
10/11/2023,8:03 AM,29.1,63,504,6417.61
10/11/2023,8:04 AM,29.1,64,512,6402.95
10/11/2023,8:05 AM,29.2,63,522,6434.63
10/11/2023,8:06 AM,29.2,62,512,6428.48
10/11/2023,8:07 AM,29.2,61,516,6430.56
10/11/2023,8:08 AM,29.2,60,507,6355.39
10/11/2023,8:09 AM,29.2,60,516,6411.5
10/5/2023,11:59:00,29.7,60,472,7278
10/23/2023,12:27 PM,0,21,1,-6.39
10/23/2023,12:31 PM,28.8,47,0,1.4
10/31/2023,8:19 PM,28.7,61,403,0.23
10/31/2023,8:20 PM,28.9,60,414,0.81
10/31/2023,8:21 PM,29.1,59,414,1.43
10/31/2023,8:22 PM,29.1,59,404,-2.44
10/31/2023,8:23 PM,29.2,58,413,-1.58
10/31/2023,8:24 PM,29.2,57,393,-3.23
10/31/2023,8:33 PM,29.6,54,345,0.27
10/31/2023,8:34 PM,29.5,54,403,3.2
10/31/2023,8:35 PM,29.5,54,488,0.45
10/31/2023,8:36 PM,29.5,55,368,2.58
10/31/2023,8:37 PM,29.5,55,378,1.72
10/31/2023,8:38 PM,29.5,55,381,1.78
10/31/2023,8:39 PM,29.5,54,393,0.14
10/31/2023,8:40 PM,29.5,54,387,-1
10/31/2023,8:41 PM,29.5,54,392,0.47
10/31/2023,8:42 PM,29.5,55,385,3.92
10/31/2023,8:43 PM,29.5,54,367,-1.72
10/31/2023,8:44 PM,29.6,54,368,2.91
10/31/2023,8:45 PM,29.5,55,381,-0.73
10/31/2023,8:46 PM,29.5,54,369,1.13
10/31/2023,8:47 PM,29.5,55,349,2.81
10/31/2023,8:48 PM,29.5,54,338,4.07
10/31/2023,8:49 PM,29.5,55,361,-0.27
10/31/2023,8:50 PM,29.5,55,353,2.43
10/31/2023,8:51 PM,29.5,54,364,0.58
10/31/2023,8:52 PM,29.5,55,367,-0.13
10/31/2023,8:53 PM,29.5,54,352,-4.74
10/31/2023,8:54 PM,29.5,54,354,1.75
10/31/2023,8:55 PM,29.5,54,375,0.13
10/31/2023,8:56 PM,29.5,54,339,0.33
10/31/2023,8:57 PM,29.5,54,348,1.85
10/31/2023,8:58 PM,29.5,54,366,5.51
10/31/2023,8:59 PM,29.5,54,377,-0.79
10/31/2023,9:00 PM,29.5,54,388,4.34
10/31/2023,9:01 PM,29.5,54,391,1.03
10/31/2023,9:02 PM,29.5,54,384,2.79
10/31/2023,9:03 PM,29.4,55,381,3.29
10/31/2023,9:04 PM,29.3,55,379,5.47
10/31/2023,9:05 PM,29.2,56,387,3.93
10/31/2023,9:06 PM,29.2,56,386,4.9
10/31/2023,9:07 PM,29.3,56,382,3.31
10/31/2023,9:08 PM,29.4,55,389,2.23
10/31/2023,9:09 PM,29.4,55,389,2.82
10/31/2023,9:10 PM,29.4,55,390,2.09
10/31/2023,9:11 PM,29.4,55,391,0.61
10/31/2023,9:12 PM,29.4,55,390,3.63
10/31/2023,9:13 PM,29.5,55,389,1.36
10/31/2023,9:14 PM,29.4,55,389,0.25
10/31/2023,9:15 PM,29.4,55,391,5.33
10/31/2023,9:16 PM,29.4,54,393,5.59
10/31/2023,9:17 PM,29.4,55,403,2.69
10/31/2023,9:18 PM,29.4,55,392,7.37
10/31/2023,9:19 PM,29.3,55,393,4.14
10/31/2023,9:20 PM,29.2,55,393,1.07
10/31/2023,9:21 PM,29.3,55,394,1.2
10/31/2023,9:22 PM,29.2,55,401,0.7
10/31/2023,9:23 PM,29.2,55,424,4.02
10/31/2023,9:24 PM,29.2,55,414,5.07
10/31/2023,9:25 PM,29.1,55,452,2.21
10/31/2023,9:26 PM,29.2,55,428,4.48
10/31/2023,9:27 PM,29.1,55,424,1.87
10/31/2023,9:28 PM,29.1,55,408,3.36
10/31/2023,9:29 PM,29.2,55,401,6.48
10/31/2023,9:30 PM,29.1,55,415,3.93
10/31/2023,9:31 PM,29.2,55,422,5.74
10/31/2023,9:32 PM,29.1,55,401,4.68
10/31/2023,9:33 PM,29.1,55,410,-0.98
10/31/2023,9:34 PM,29.1,55,437,2.58
10/31/2023,9:35 PM,29.1,55,403,3.6
10/31/2023,9:36 PM,29.1,55,406,2.66
10/31/2023,9:37 PM,29.2,55,426,1.62
10/31/2023,9:38 PM,29.1,55,393,5.89
10/31/2023,9:39 PM,29.1,55,384,4.45
10/31/2023,9:40 PM,29,56,367,2.96
10/31/2023,9:41 PM,29.1,56,433,2.57
10/31/2023,9:43 PM,29.1,55,413,-0.88
10/31/2023,9:44 PM,29.1,55,435,2.2
10/31/2023,9:45 PM,29,55,504,1.25
10/31/2023,9:46 PM,29,55,448,3.65
10/31/2023,9:47 PM,29,56,421,3.22
10/31/2023,9:48 PM,28.9,56,405,3.08
10/31/2023,9:49 PM,28.9,56,423,2.56
10/31/2023,9:50 PM,29,56,436,3.88
10/31/2023,9:51 PM,28.9,56,405,3.03
10/31/2023,9:52 PM,29,56,400,0.59
10/31/2023,9:53 PM,29,56,381,4.38
10/31/2023,9:54 PM,28.9,56,388,0.69
10/31/2023,9:57 PM,29,56,361,-0.08
10/31/2023,9:57 PM,29,56,586,-0.41
10/31/2023,9:58 PM,28.9,56,387,-0.26
10/31/2023,9:59 PM,28.9,56,401,5.3
10/31/2023,10:00 PM,29,56,397,2.39
10/31/2023,10:01 PM,28.9,56,401,0.18
10/31/2023,10:02 PM,29,56,385,3.61
10/31/2023,10:03 PM,29,56,374,5.08
10/31/2023,10:04 PM,28.9,56,367,3.41
10/31/2023,10:05 PM,28.9,56,326,4.95
10/31/2023,10:06 PM,28.9,56,336,3.29
10/31/2023,10:07 PM,29,56,324,2.78
10/31/2023,10:08 PM,28.9,56,343,4.48
10/31/2023,10:09 PM,29,56,382,5.19
10/31/2023,10:10 PM,28.9,56,382,1.57
10/31/2023,10:11 PM,29,56,447,1.59
10/31/2023,10:12 PM,29,56,460,1.43
10/31/2023,10:13 PM,29,56,452,5.13
10/31/2023,10:14 PM,29,56,454,5.2
10/31/2023,10:15 PM,29,56,432,4.88
10/31/2023,10:16 PM,29,56,426,5.21
10/31/2023,10:17 PM,28.9,56,410,3.46
10/31/2023,10:18 PM,28.9,56,375,5.77
10/31/2023,10:19 PM,28.9,56,365,4.44
10/31/2023,10:20 PM,29,56,365,0.47
10/31/2023,10:21 PM,28.9,56,493,1.72
10/31/2023,10:22 PM,28.9,56,365,2.66
10/31/2023,10:23 PM,28.9,56,336,3.34
10/31/2023,10:24 PM,29,56,328,5.16
10/31/2023,10:25 PM,28.9,56,380,3.82
10/31/2023,10:26 PM,29,56,329,3.75
10/31/2023,10:27 PM,28.9,56,334,4.29
10/31/2023,10:28 PM,28.9,56,355,-0.22
10/31/2023,10:29 PM,28.9,56,351,4.91
10/31/2023,10:30 PM,29,56,344,2.99
10/31/2023,10:31 PM,28.9,56,352,4.64
10/31/2023,10:32 PM,28.9,56,365,4.72
10/31/2023,10:33 PM,28.8,56,351,2.72
10/31/2023,10:34 PM,28.8,56,375,6.24
10/31/2023,10:35 PM,28.8,56,379,3.67
10/31/2023,10:36 PM,28.8,56,409,8.32
10/31/2023,10:37 PM,28.8,56,349,4.33
10/31/2023,10:38 PM,28.8,56,354,6.97
10/31/2023,10:39 PM,28.8,56,350,7.15
10/31/2023,10:40 PM,28.8,56,354,1.13
10/31/2023,10:41 PM,28.8,56,364,5.34
10/31/2023,10:42 PM,28.8,56,376,5.99
10/31/2023,10:43 PM,28.9,56,350,5.71
10/31/2023,10:44 PM,28.8,56,357,3.18
10/31/2023,10:45 PM,28.8,56,364,6.18
10/31/2023,10:46 PM,28.8,56,358,1.61
10/31/2023,10:47 PM,28.8,56,388,6.08
10/31/2023,10:48 PM,28.8,56,393,6.59
10/31/2023,10:49 PM,28.8,56,362,6.9
10/31/2023,10:50 PM,28.8,56,364,7.59
10/31/2023,10:51 PM,28.8,56,362,6.18
10/31/2023,10:52 PM,28.8,56,363,5.66
10/31/2023,10:53 PM,28.7,56,365,8.1
10/31/2023,10:54 PM,28.8,56,376,3.61
10/31/2023,10:55 PM,28.8,56,368,5.41
10/31/2023,10:57 PM,28.8,56,446,8.1
10/31/2023,10:58 PM,28.8,56,560,6.41
10/31/2023,10:59 PM,28.8,56,580,8.18
10/31/2023,11:00 PM,28.7,56,408,8.57
10/31/2023,11:01 PM,28.7,56,409,4.86
10/31/2023,11:02 PM,28.8,56,424,5.86
10/31/2023,11:03 PM,28.8,56,406,10.07
10/31/2023,11:04 PM,28.8,56,404,5.76
10/31/2023,11:05 PM,28.8,55,412,4.85
10/31/2023,11:06 PM,28.8,55,410,8.26
11/23/2023,5:39 PM,nan,2147483647,0,-19088.74
11/23/2023,5:39 PM,nan,2147483647,0,-21204.67
11/23/2023,5:40 PM,nan,2147483647,0,-21215.6
11/23/2023,5:40 PM,nan,2147483647,0,-21145.13
11/23/2023,5:41 PM,nan,2147483647,0,-21217.72
11/23/2023,5:41 PM,nan,2147483647,0,-21204.36
11/23/2023,5:41 PM,nan,2147483647,0,-10300.25
11/23/2023,5:42 PM,nan,2147483647,0,-21223.49
11/23/2023,5:42 PM,nan,2147483647,0,-14989.53
11/23/2023,5:43 PM,nan,2147483647,0,-16933.46
11/23/2023,5:43 PM,nan,2147483647,0,-20522.13
11/23/2023,5:44 PM,nan,2147483647,0,-20680.85
11/23/2023,5:44 PM,nan,2147483647,0,-16276.17
11/23/2023,5:45 PM,nan,2147483647,0,-13388.78
11/23/2023,5:45 PM,nan,2147483647,0,-21028.49
11/23/2023,5:45 PM,nan,2147483647,0,-18162.84
11/23/2023,5:46 PM,nan,2147483647,0,-15888.6
11/23/2023,5:46 PM,nan,2147483647,0,-15499.39
11/23/2023,5:47 PM,nan,2147483647,0,-11591.71
11/23/2023,5:47 PM,nan,2147483647,0,-16724.59
11/23/2023,5:53 PM,nan,2147483647,0,-21202.53
11/23/2023,5:53 PM,nan,2147483647,0,-21222.88
11/23/2023,5:54 PM,nan,2147483647,0,-21208.61
11/23/2023,5:54 PM,nan,2147483647,0,-21054
11/23/2023,5:54 PM,nan,2147483647,0,-21032.13
11/23/2023,5:55 PM,nan,2147483647,0,-21160.92
11/23/2023,5:55 PM,nan,2147483647,0,-20871.75
11/23/2023,5:56 PM,nan,2147483647,0,-21225.31
11/23/2023,5:56 PM,nan,2147483647,0,-21200.1
11/23/2023,5:57 PM,nan,2147483647,0,-21211.96
11/23/2023,5:57 PM,nan,2147483647,0,-21216.81
11/23/2023,6:10 PM,nan,2147483647,0,-20699.4
11/23/2023,6:10 PM,nan,2147483647,0,-20595.24
11/23/2023,6:11 PM,nan,2147483647,0,-21239.74
11/23/2023,6:11 PM,nan,2147483647,0,-19250.78
11/23/2023,6:12 PM,nan,2147483647,0,-19079.16
11/23/2023,6:12 PM,nan,2147483647,0,-20606.21
11/23/2023,6:13 PM,nan,2147483647,0,-19649.31
11/23/2023,6:13 PM,nan,2147483647,0,-20626.84
11/23/2023,6:13 PM,nan,2147483647,0,-12298.63
11/23/2023,6:14 PM,nan,2147483647,0,-19974.03
11/23/2023,6:14 PM,nan,2147483647,0,-19287.82
11/23/2023,6:15 PM,nan,2147483647,0,-21238.4
11/23/2023,6:15 PM,nan,2147483647,0,-20190.07
11/23/2023,6:16 PM,nan,2147483647,0,-20813.81
11/23/2023,6:16 PM,nan,2147483647,0,-20440.02
11/23/2023,6:16 PM,nan,2147483647,0,-20802.87
11/23/2023,6:17 PM,nan,2147483647,0,-21081.5
11/23/2023,6:17 PM,nan,2147483647,0,-20669.06
11/23/2023,6:18 PM,nan,2147483647,0,-19564.27
11/23/2023,6:18 PM,nan,2147483647,0,-20664.24
11/23/2023,6:19 PM,nan,2147483647,0,-19613.25
11/23/2023,6:19 PM,nan,2147483647,0,-20064.54
11/23/2023,6:20 PM,nan,2147483647,0,-20805.78
11/23/2023,6:20 PM,nan,2147483647,0,-19716.55
11/23/2023,6:20 PM,nan,2147483647,0,-21155.67
11/23/2023,6:21 PM,nan,2147483647,0,-21235.19
11/23/2023,6:21 PM,nan,2147483647,0,-20745.02
11/23/2023,6:22 PM,nan,2147483647,0,-20819.94
11/23/2023,6:23 PM,nan,2147483647,0,-21238
11/23/2023,6:23 PM,nan,2147483647,0,-21079.03
11/23/2023,6:24 PM,nan,2147483647,0,-20890.13
11/23/2023,6:24 PM,nan,2147483647,0,-21238.84
11/23/2023,6:24 PM,nan,2147483647,0,-16894.97
11/23/2023,6:25 PM,nan,2147483647,0,-20497.17
11/23/2023,6:25 PM,nan,2147483647,0,-19535.42
11/23/2023,6:26 PM,nan,2147483647,0,-20767.6
11/23/2023,6:26 PM,nan,2147483647,0,-21238.84
11/23/2023,6:27 PM,nan,2147483647,0,-21237.17
11/23/2023,6:27 PM,nan,2147483647,0,-21238.38
11/23/2023,6:27 PM,nan,2147483647,0,-20336.53
11/23/2023,6:28 PM,nan,2147483647,0,-21238.91
11/23/2023,6:28 PM,nan,2147483647,0,-20119.48
11/23/2023,6:29 PM,nan,2147483647,0,-21240.54
11/29/2023,12:27 AM,87,65,554,764